<?xml version="1.0" encoding="UTF-8"?>
<modification>
	<id><![CDATA[GixOC.ru - <b>Уведомления администратора (Telegram, Viber)</b>]]></id>
	<version>1.3.1</version>
	<author><![CDATA[<font color="#3399FF"><a href="https://gixoc.ru">GixOC.ru</font>]]></author>

	<file name="system/startup.php">
		<operation error="skip">
			<search position="after"><![CDATA[require_once(DIR_SYSTEM . 'library/template.php');]]></search> 
			<add><![CDATA[
//GixOC Admin Notifications
require_once(DIR_SYSTEM . 'library/telegram.php');
require_once(DIR_SYSTEM . 'library/viber.php');
require_once(DIR_SYSTEM . 'library/qrcode.php');
//end GixOC Admin Notifications]]></add>
		</operation>
	</file>

	<file name="catalog/model/account/customer.php">
		<operation error="skip">
			<search position="before"><![CDATA[if ($this->config->get('config_account_mail')) {]]></search> 
			<add><![CDATA[
//GixOC Admin Notifications
$this->load->model('module/gixocnotifications');
$gixocnotifications = $this->model_module_gixocnotifications->new_customer($data);
//end GixOC Admin Notifications]]></add>
		</operation>
	</file>

	<file name="catalog/model/affiliate/affiliate.php">
		<operation error="skip">
			<search position="after"><![CDATA[public function addAffiliate($data) {]]></search> 
			<add><![CDATA[
//GixOC Admin Notifications
$this->load->model('module/gixocnotifications');
$gixocnotifications = $this->model_module_gixocnotifications->new_affiliate($data);
//end GixOC Admin Notifications]]></add>
		</operation>
	</file>

	<file name="catalog/model/catalog/review.php">
		<operation error="skip">
			<search position="after"><![CDATA[public function addReview($product_id, $data) {]]></search> 
			<add><![CDATA[
//GixOC Admin Notifications
$this->load->model('module/gixocnotifications');
$gixocnotifications = $this->model_module_gixocnotifications->new_review(array('0' => $product_id, '1' => $data));
//end GixOC Admin Notifications]]></add>
		</operation>
	</file>

	<file name="catalog/model/checkout/order.php">
		<operation error="skip">
			<search position="before"><![CDATA[if ($this->config->get('config_alert_mail')) {]]></search> 
			<add><![CDATA[
//GixOC Admin Notifications
$this->load->model('module/gixocnotifications');
$gixocnotifications = $this->model_module_gixocnotifications->new_order($order_id);
//end GixOC Admin Notifications]]></add>
		</operation>
		<operation error="skip">
			<search position="after"><![CDATA[public function update($order_id, $order_status_id, $comment = '', $notify = false) {]]></search> 
			<add><![CDATA[
//GixOC Admin Notifications
$this->load->model('module/gixocnotifications');
$gixocnotifications = $this->model_module_gixocnotifications->orders(array($order_id, $order_status_id));
//end GixOC Admin Notifications]]></add>
		</operation>
	</file>

	<file name="catalog/model/account/return.php">
		<operation error="skip">
			<search position="after"><![CDATA[public function addReturn($data) {]]></search> 
			<add><![CDATA[
//GixOC Admin Notifications
$this->load->model('module/gixocnotifications');
$gixocnotifications = $this->model_module_gixocnotifications->new_return($data);
//end GixOC Admin Notifications]]></add>
		</operation>
	</file>

	<file name="admin/model/sale/order.php">
		<operation error="skip">
			<search position="after"><![CDATA[public function addOrderHistory($order_id, $data) {]]></search> 
			<add><![CDATA[		//GixOC Admin Notifications
		$this->load->model('module/gixocnotifications');
		$gixocnotifications = $this->model_module_gixocnotifications->orders(array($order_id, $data['order_status_id']));
		//end GixOC Admin Notifications
]]></add>
		</operation>
	</file>

</modification>